scenario_id,plan_id,year,entity,metric,value,unit
MANDATORY_STRESS,base-v1,2035,hub,demand_total_t,100.0,t
MANDATORY_STRESS,base-v1,2035,hub,demand_critical_t,80.0,t
MANDATORY_STRESS,base-v1,2035,hub,opening_stock_t,15.0,t
MANDATORY_STRESS,base-v1,2035,hub,ordered_t,115.0,t
MANDATORY_STRESS,base-v1,2035,hub,delivered_plan_t,115.0,t
MANDATORY_STRESS,base-v1,2035,hub,delivered_actual_t,115.0,t
MANDATORY_STRESS,base-v1,2035,hub,losses_t,5.175,t
MANDATORY_STRESS,base-v1,2035,hub,loss_share,0.045,share
MANDATORY_STRESS,base-v1,2035,hub,served_total_t,100.0,t
MANDATORY_STRESS,base-v1,2035,hub,served_critical_t,80.0,t
MANDATORY_STRESS,base-v1,2035,hub,shortage_total_t,0.0,t
MANDATORY_STRESS,base-v1,2035,hub,shortage_critical_t,0.0,t
MANDATORY_STRESS,base-v1,2035,hub,closing_stock_t,24.825,t
MANDATORY_STRESS,base-v1,2035,hub,service_level_total,1.0,share
MANDATORY_STRESS,base-v1,2035,hub,service_level_critical,1.0,share
MANDATORY_STRESS,base-v1,2035,hub,reserve_required_t,12.328767,t
MANDATORY_STRESS,base-v1,2035,hub,reserve_days_at_start,54.75,days
MANDATORY_STRESS,base-v1,2035,hub,reserve_equivalent_days,54.75,days
MANDATORY_STRESS,base-v1,2035,hub,storage_capacity_t,70.0,t
MANDATORY_STRESS,base-v1,2035,hub,max_stock_t,24.825,t
MANDATORY_STRESS,base-v1,2035,hub,overflow_t,0.0,t
MANDATORY_STRESS,base-v1,2035,hub,emergency_base_channel,0,
MANDATORY_STRESS,base-v1,2035,hub,emergency_streak_years,0,
MANDATORY_STRESS,base-v1,2036,hub,demand_total_t,140.0,t
MANDATORY_STRESS,base-v1,2036,hub,demand_critical_t,105.0,t
MANDATORY_STRESS,base-v1,2036,hub,opening_stock_t,24.825,t
MANDATORY_STRESS,base-v1,2036,hub,ordered_t,160.0,t
MANDATORY_STRESS,base-v1,2036,hub,delivered_plan_t,160.0,t
MANDATORY_STRESS,base-v1,2036,hub,delivered_actual_t,160.0,t
MANDATORY_STRESS,base-v1,2036,hub,losses_t,7.2,t
MANDATORY_STRESS,base-v1,2036,hub,loss_share,0.045,share
MANDATORY_STRESS,base-v1,2036,hub,served_total_t,140.0,t
MANDATORY_STRESS,base-v1,2036,hub,served_critical_t,105.0,t
MANDATORY_STRESS,base-v1,2036,hub,shortage_total_t,0.0,t
MANDATORY_STRESS,base-v1,2036,hub,shortage_critical_t,0.0,t
MANDATORY_STRESS,base-v1,2036,hub,closing_stock_t,37.625,t
MANDATORY_STRESS,base-v1,2036,hub,service_level_total,1.0,share
MANDATORY_STRESS,base-v1,2036,hub,service_level_critical,1.0,share
MANDATORY_STRESS,base-v1,2036,hub,reserve_required_t,17.260274,t
MANDATORY_STRESS,base-v1,2036,hub,reserve_days_at_start,64.722321,days
MANDATORY_STRESS,base-v1,2036,hub,reserve_equivalent_days,64.722321,days
MANDATORY_STRESS,base-v1,2036,hub,storage_capacity_t,70.0,t
MANDATORY_STRESS,base-v1,2036,hub,max_stock_t,37.625,t
MANDATORY_STRESS,base-v1,2036,hub,overflow_t,0.0,t
MANDATORY_STRESS,base-v1,2036,hub,emergency_base_channel,0,
MANDATORY_STRESS,base-v1,2036,hub,emergency_streak_years,0,
MANDATORY_STRESS,base-v1,2037,hub,demand_total_t,190.0,t
MANDATORY_STRESS,base-v1,2037,hub,demand_critical_t,135.0,t
MANDATORY_STRESS,base-v1,2037,hub,opening_stock_t,37.625,t
MANDATORY_STRESS,base-v1,2037,hub,ordered_t,205.0,t
MANDATORY_STRESS,base-v1,2037,hub,delivered_plan_t,205.0,t
MANDATORY_STRESS,base-v1,2037,hub,delivered_actual_t,205.0,t
MANDATORY_STRESS,base-v1,2037,hub,losses_t,2.46,t
MANDATORY_STRESS,base-v1,2037,hub,loss_share,0.012,share
MANDATORY_STRESS,base-v1,2037,hub,served_total_t,190.0,t
MANDATORY_STRESS,base-v1,2037,hub,served_critical_t,135.0,t
MANDATORY_STRESS,base-v1,2037,hub,shortage_total_t,0.0,t
MANDATORY_STRESS,base-v1,2037,hub,shortage_critical_t,0.0,t
MANDATORY_STRESS,base-v1,2037,hub,closing_stock_t,50.165,t
MANDATORY_STRESS,base-v1,2037,hub,service_level_total,1.0,share
MANDATORY_STRESS,base-v1,2037,hub,service_level_critical,1.0,share
MANDATORY_STRESS,base-v1,2037,hub,reserve_required_t,23.424658,t
MANDATORY_STRESS,base-v1,2037,hub,reserve_days_at_start,72.279605,days
MANDATORY_STRESS,base-v1,2037,hub,reserve_equivalent_days,72.279605,days
MANDATORY_STRESS,base-v1,2037,hub,storage_capacity_t,120.0,t
MANDATORY_STRESS,base-v1,2037,hub,max_stock_t,50.165,t
MANDATORY_STRESS,base-v1,2037,hub,overflow_t,0.0,t
MANDATORY_STRESS,base-v1,2037,hub,emergency_base_channel,0,
MANDATORY_STRESS,base-v1,2037,hub,emergency_streak_years,0,
MANDATORY_STRESS,base-v1,2038,hub,demand_total_t,287.5,t
MANDATORY_STRESS,base-v1,2038,hub,demand_critical_t,195.5,t
MANDATORY_STRESS,base-v1,2038,hub,opening_stock_t,50.165,t
MANDATORY_STRESS,base-v1,2038,hub,ordered_t,280.0,t
MANDATORY_STRESS,base-v1,2038,hub,delivered_plan_t,280.0,t
MANDATORY_STRESS,base-v1,2038,hub,delivered_actual_t,262.0,t
MANDATORY_STRESS,base-v1,2038,hub,losses_t,3.144,t
MANDATORY_STRESS,base-v1,2038,hub,loss_share,0.012,share
MANDATORY_STRESS,base-v1,2038,hub,served_total_t,287.5,t
MANDATORY_STRESS,base-v1,2038,hub,served_critical_t,195.5,t
MANDATORY_STRESS,base-v1,2038,hub,shortage_total_t,0.0,t
MANDATORY_STRESS,base-v1,2038,hub,shortage_critical_t,0.0,t
MANDATORY_STRESS,base-v1,2038,hub,closing_stock_t,21.521,t
MANDATORY_STRESS,base-v1,2038,hub,service_level_total,1.0,share
MANDATORY_STRESS,base-v1,2038,hub,service_level_critical,1.0,share
MANDATORY_STRESS,base-v1,2038,hub,reserve_required_t,35.445205,t
MANDATORY_STRESS,base-v1,2038,hub,reserve_days_at_start,63.687739,days
MANDATORY_STRESS,base-v1,2038,hub,reserve_equivalent_days,63.687739,days
MANDATORY_STRESS,base-v1,2038,hub,storage_capacity_t,120.0,t
MANDATORY_STRESS,base-v1,2038,hub,max_stock_t,45.966667,t
MANDATORY_STRESS,base-v1,2038,hub,overflow_t,0.0,t
MANDATORY_STRESS,base-v1,2038,hub,emergency_base_channel,0,
MANDATORY_STRESS,base-v1,2038,hub,emergency_streak_years,0,
MANDATORY_STRESS,base-v1,2039,hub,demand_total_t,368.0,t
MANDATORY_STRESS,base-v1,2039,hub,demand_critical_t,241.5,t
MANDATORY_STRESS,base-v1,2039,hub,opening_stock_t,21.521,t
MANDATORY_STRESS,base-v1,2039,hub,ordered_t,330.0,t
MANDATORY_STRESS,base-v1,2039,hub,delivered_plan_t,330.0,t
MANDATORY_STRESS,base-v1,2039,hub,delivered_actual_t,320.0,t
MANDATORY_STRESS,base-v1,2039,hub,losses_t,3.84,t
MANDATORY_STRESS,base-v1,2039,hub,loss_share,0.012,share
MANDATORY_STRESS,base-v1,2039,hub,served_total_t,337.681,t
MANDATORY_STRESS,base-v1,2039,hub,served_critical_t,241.5,t
MANDATORY_STRESS,base-v1,2039,hub,shortage_total_t,30.319,t
MANDATORY_STRESS,base-v1,2039,hub,shortage_critical_t,0.0,t
MANDATORY_STRESS,base-v1,2039,hub,closing_stock_t,0.0,t
MANDATORY_STRESS,base-v1,2039,hub,service_level_total,0.917611,share
MANDATORY_STRESS,base-v1,2039,hub,service_level_critical,1.0,share
MANDATORY_STRESS,base-v1,2039,hub,reserve_required_t,45.369863,t
MANDATORY_STRESS,base-v1,2039,hub,reserve_days_at_start,21.345557,days
MANDATORY_STRESS,base-v1,2039,hub,reserve_equivalent_days,21.345557,days
MANDATORY_STRESS,base-v1,2039,hub,storage_capacity_t,120.0,t
MANDATORY_STRESS,base-v1,2039,hub,max_stock_t,17.201,t
MANDATORY_STRESS,base-v1,2039,hub,overflow_t,0.0,t
MANDATORY_STRESS,base-v1,2039,hub,emergency_base_channel,0,
MANDATORY_STRESS,base-v1,2039,hub,emergency_streak_years,0,
MANDATORY_STRESS,base-v1,2040,hub,demand_total_t,448.5,t
MANDATORY_STRESS,base-v1,2040,hub,demand_critical_t,287.5,t
MANDATORY_STRESS,base-v1,2040,hub,opening_stock_t,0.0,t
MANDATORY_STRESS,base-v1,2040,hub,ordered_t,400.0,t
MANDATORY_STRESS,base-v1,2040,hub,delivered_plan_t,400.0,t
MANDATORY_STRESS,base-v1,2040,hub,delivered_actual_t,400.0,t
MANDATORY_STRESS,base-v1,2040,hub,losses_t,4.8,t
MANDATORY_STRESS,base-v1,2040,hub,loss_share,0.012,share
MANDATORY_STRESS,base-v1,2040,hub,served_total_t,395.2,t
MANDATORY_STRESS,base-v1,2040,hub,served_critical_t,287.5,t
MANDATORY_STRESS,base-v1,2040,hub,shortage_total_t,53.3,t
MANDATORY_STRESS,base-v1,2040,hub,shortage_critical_t,0.0,t
MANDATORY_STRESS,base-v1,2040,hub,closing_stock_t,0.0,t
MANDATORY_STRESS,base-v1,2040,hub,service_level_total,0.881159,share
MANDATORY_STRESS,base-v1,2040,hub,service_level_critical,1.0,share
MANDATORY_STRESS,base-v1,2040,hub,reserve_required_t,55.294521,t
MANDATORY_STRESS,base-v1,2040,hub,reserve_days_at_start,0.0,days
MANDATORY_STRESS,base-v1,2040,hub,reserve_equivalent_days,0.0,days
MANDATORY_STRESS,base-v1,2040,hub,storage_capacity_t,120.0,t
MANDATORY_STRESS,base-v1,2040,hub,max_stock_t,0.0,t
MANDATORY_STRESS,base-v1,2040,hub,overflow_t,0.0,t
MANDATORY_STRESS,base-v1,2040,hub,emergency_base_channel,0,
MANDATORY_STRESS,base-v1,2040,hub,emergency_streak_years,0,
MANDATORY_STRESS,base-v1,2035,A,available,1,bool
MANDATORY_STRESS,base-v1,2035,A,available_months,12,months
MANDATORY_STRESS,base-v1,2035,A,capacity_t,190.0,t
MANDATORY_STRESS,base-v1,2035,A,capacity_available_t,190.0,t
MANDATORY_STRESS,base-v1,2035,A,reserved_capacity_t,100.0,t
MANDATORY_STRESS,base-v1,2035,A,ordered_t,95.0,t
MANDATORY_STRESS,base-v1,2035,A,delivered_plan_t,95.0,t
MANDATORY_STRESS,base-v1,2035,A,delivered_actual_t,95.0,t
MANDATORY_STRESS,base-v1,2035,A,delivery_share,1.0,share
MANDATORY_STRESS,base-v1,2035,A,payable_volume_t,95.0,t
MANDATORY_STRESS,base-v1,2035,A,take_or_pay_topup_t,0.0,t
MANDATORY_STRESS,base-v1,2035,A,price_mln_per_t,6.2,t
MANDATORY_STRESS,base-v1,2035,A,base_price_mln_per_t,6.2,t
MANDATORY_STRESS,base-v1,2035,A,variable_payment_mln,589.0,mln
MANDATORY_STRESS,base-v1,2035,A,reservation_payment_mln,45.0,mln
MANDATORY_STRESS,base-v1,2035,A,total_payment_mln,634.0,mln
MANDATORY_STRESS,base-v1,2035,A,reliability,0.96,share
MANDATORY_STRESS,base-v1,2035,B,available,1,bool
MANDATORY_STRESS,base-v1,2035,B,available_months,12,months
MANDATORY_STRESS,base-v1,2035,B,capacity_t,110.0,t
MANDATORY_STRESS,base-v1,2035,B,capacity_available_t,110.0,t
MANDATORY_STRESS,base-v1,2035,B,reserved_capacity_t,30.0,t
MANDATORY_STRESS,base-v1,2035,B,ordered_t,20.0,t
MANDATORY_STRESS,base-v1,2035,B,delivered_plan_t,20.0,t
MANDATORY_STRESS,base-v1,2035,B,delivered_actual_t,20.0,t
MANDATORY_STRESS,base-v1,2035,B,delivery_share,1.0,share
MANDATORY_STRESS,base-v1,2035,B,payable_volume_t,20.0,t
MANDATORY_STRESS,base-v1,2035,B,take_or_pay_topup_t,0.0,t
MANDATORY_STRESS,base-v1,2035,B,price_mln_per_t,8.9,t
MANDATORY_STRESS,base-v1,2035,B,base_price_mln_per_t,8.9,t
MANDATORY_STRESS,base-v1,2035,B,variable_payment_mln,178.0,mln
MANDATORY_STRESS,base-v1,2035,B,reservation_payment_mln,4.5,mln
MANDATORY_STRESS,base-v1,2035,B,total_payment_mln,182.5,mln
MANDATORY_STRESS,base-v1,2035,B,reliability,0.985,share
MANDATORY_STRESS,base-v1,2035,C,available,0,bool
MANDATORY_STRESS,base-v1,2035,C,available_months,0,months
MANDATORY_STRESS,base-v1,2035,C,capacity_t,130.0,t
MANDATORY_STRESS,base-v1,2035,C,capacity_available_t,0.0,t
MANDATORY_STRESS,base-v1,2035,C,reserved_capacity_t,0.0,t
MANDATORY_STRESS,base-v1,2035,C,ordered_t,0.0,t
MANDATORY_STRESS,base-v1,2035,C,delivered_plan_t,0.0,t
MANDATORY_STRESS,base-v1,2035,C,delivered_actual_t,0.0,t
MANDATORY_STRESS,base-v1,2035,C,delivery_share,1.0,share
MANDATORY_STRESS,base-v1,2035,C,payable_volume_t,0.0,t
MANDATORY_STRESS,base-v1,2035,C,take_or_pay_topup_t,0.0,t
MANDATORY_STRESS,base-v1,2035,C,price_mln_per_t,7.1,t
MANDATORY_STRESS,base-v1,2035,C,base_price_mln_per_t,7.1,t
MANDATORY_STRESS,base-v1,2035,C,variable_payment_mln,0.0,mln
MANDATORY_STRESS,base-v1,2035,C,reservation_payment_mln,0.0,mln
MANDATORY_STRESS,base-v1,2035,C,total_payment_mln,0.0,mln
MANDATORY_STRESS,base-v1,2035,C,reliability,0.94,share
MANDATORY_STRESS,base-v1,2035,D,available,0,bool
MANDATORY_STRESS,base-v1,2035,D,available_months,0,months
MANDATORY_STRESS,base-v1,2035,D,capacity_t,120.0,t
MANDATORY_STRESS,base-v1,2035,D,capacity_available_t,0.0,t
MANDATORY_STRESS,base-v1,2035,D,reserved_capacity_t,0.0,t
MANDATORY_STRESS,base-v1,2035,D,ordered_t,0.0,t
MANDATORY_STRESS,base-v1,2035,D,delivered_plan_t,0.0,t
MANDATORY_STRESS,base-v1,2035,D,delivered_actual_t,0.0,t
MANDATORY_STRESS,base-v1,2035,D,delivery_share,1.0,share
MANDATORY_STRESS,base-v1,2035,D,payable_volume_t,0.0,t
MANDATORY_STRESS,base-v1,2035,D,take_or_pay_topup_t,0.0,t
MANDATORY_STRESS,base-v1,2035,D,price_mln_per_t,3.0,t
MANDATORY_STRESS,base-v1,2035,D,base_price_mln_per_t,3.0,t
MANDATORY_STRESS,base-v1,2035,D,variable_payment_mln,0.0,mln
MANDATORY_STRESS,base-v1,2035,D,reservation_payment_mln,0.0,mln
MANDATORY_STRESS,base-v1,2035,D,total_payment_mln,0.0,mln
MANDATORY_STRESS,base-v1,2035,E,available,1,bool
MANDATORY_STRESS,base-v1,2035,E,available_months,12,months
MANDATORY_STRESS,base-v1,2035,E,capacity_t,80.0,t
MANDATORY_STRESS,base-v1,2035,E,capacity_available_t,80.0,t
MANDATORY_STRESS,base-v1,2035,E,reserved_capacity_t,0.0,t
MANDATORY_STRESS,base-v1,2035,E,ordered_t,0.0,t
MANDATORY_STRESS,base-v1,2035,E,delivered_plan_t,0.0,t
MANDATORY_STRESS,base-v1,2035,E,delivered_actual_t,0.0,t
MANDATORY_STRESS,base-v1,2035,E,delivery_share,1.0,share
MANDATORY_STRESS,base-v1,2035,E,payable_volume_t,0.0,t
MANDATORY_STRESS,base-v1,2035,E,take_or_pay_topup_t,0.0,t
MANDATORY_STRESS,base-v1,2035,E,price_mln_per_t,13.8,t
MANDATORY_STRESS,base-v1,2035,E,base_price_mln_per_t,13.8,t
MANDATORY_STRESS,base-v1,2035,E,variable_payment_mln,0.0,mln
MANDATORY_STRESS,base-v1,2035,E,reservation_payment_mln,0.0,mln
MANDATORY_STRESS,base-v1,2035,E,total_payment_mln,0.0,mln
MANDATORY_STRESS,base-v1,2035,E,reliability,0.995,share
MANDATORY_STRESS,base-v1,2036,A,available,1,bool
MANDATORY_STRESS,base-v1,2036,A,available_months,12,months
MANDATORY_STRESS,base-v1,2036,A,capacity_t,190.0,t
MANDATORY_STRESS,base-v1,2036,A,capacity_available_t,190.0,t
MANDATORY_STRESS,base-v1,2036,A,reserved_capacity_t,150.0,t
MANDATORY_STRESS,base-v1,2036,A,ordered_t,140.0,t
MANDATORY_STRESS,base-v1,2036,A,delivered_plan_t,140.0,t
MANDATORY_STRESS,base-v1,2036,A,delivered_actual_t,140.0,t
MANDATORY_STRESS,base-v1,2036,A,delivery_share,1.0,share
MANDATORY_STRESS,base-v1,2036,A,payable_volume_t,140.0,t
MANDATORY_STRESS,base-v1,2036,A,take_or_pay_topup_t,0.0,t
MANDATORY_STRESS,base-v1,2036,A,price_mln_per_t,6.2,t
MANDATORY_STRESS,base-v1,2036,A,base_price_mln_per_t,6.2,t
MANDATORY_STRESS,base-v1,2036,A,variable_payment_mln,868.0,mln
MANDATORY_STRESS,base-v1,2036,A,reservation_payment_mln,67.5,mln
MANDATORY_STRESS,base-v1,2036,A,total_payment_mln,935.5,mln
MANDATORY_STRESS,base-v1,2036,A,reliability,0.96,share
MANDATORY_STRESS,base-v1,2036,B,available,1,bool
MANDATORY_STRESS,base-v1,2036,B,available_months,12,months
MANDATORY_STRESS,base-v1,2036,B,capacity_t,110.0,t
MANDATORY_STRESS,base-v1,2036,B,capacity_available_t,110.0,t
MANDATORY_STRESS,base-v1,2036,B,reserved_capacity_t,30.0,t
MANDATORY_STRESS,base-v1,2036,B,ordered_t,20.0,t
MANDATORY_STRESS,base-v1,2036,B,delivered_plan_t,20.0,t
MANDATORY_STRESS,base-v1,2036,B,delivered_actual_t,20.0,t
MANDATORY_STRESS,base-v1,2036,B,delivery_share,1.0,share
MANDATORY_STRESS,base-v1,2036,B,payable_volume_t,20.0,t
MANDATORY_STRESS,base-v1,2036,B,take_or_pay_topup_t,0.0,t
MANDATORY_STRESS,base-v1,2036,B,price_mln_per_t,8.9,t
MANDATORY_STRESS,base-v1,2036,B,base_price_mln_per_t,8.9,t
MANDATORY_STRESS,base-v1,2036,B,variable_payment_mln,178.0,mln
MANDATORY_STRESS,base-v1,2036,B,reservation_payment_mln,4.5,mln
MANDATORY_STRESS,base-v1,2036,B,total_payment_mln,182.5,mln
MANDATORY_STRESS,base-v1,2036,B,reliability,0.985,share
MANDATORY_STRESS,base-v1,2036,C,available,0,bool
MANDATORY_STRESS,base-v1,2036,C,available_months,0,months
MANDATORY_STRESS,base-v1,2036,C,capacity_t,130.0,t
MANDATORY_STRESS,base-v1,2036,C,capacity_available_t,0.0,t
MANDATORY_STRESS,base-v1,2036,C,reserved_capacity_t,0.0,t
MANDATORY_STRESS,base-v1,2036,C,ordered_t,0.0,t
MANDATORY_STRESS,base-v1,2036,C,delivered_plan_t,0.0,t
MANDATORY_STRESS,base-v1,2036,C,delivered_actual_t,0.0,t
MANDATORY_STRESS,base-v1,2036,C,delivery_share,1.0,share
MANDATORY_STRESS,base-v1,2036,C,payable_volume_t,0.0,t
MANDATORY_STRESS,base-v1,2036,C,take_or_pay_topup_t,0.0,t
MANDATORY_STRESS,base-v1,2036,C,price_mln_per_t,7.1,t
MANDATORY_STRESS,base-v1,2036,C,base_price_mln_per_t,7.1,t
MANDATORY_STRESS,base-v1,2036,C,variable_payment_mln,0.0,mln
MANDATORY_STRESS,base-v1,2036,C,reservation_payment_mln,0.0,mln
MANDATORY_STRESS,base-v1,2036,C,total_payment_mln,0.0,mln
MANDATORY_STRESS,base-v1,2036,C,reliability,0.94,share
MANDATORY_STRESS,base-v1,2036,D,available,0,bool
MANDATORY_STRESS,base-v1,2036,D,available_months,0,months
MANDATORY_STRESS,base-v1,2036,D,capacity_t,120.0,t
MANDATORY_STRESS,base-v1,2036,D,capacity_available_t,0.0,t
MANDATORY_STRESS,base-v1,2036,D,reserved_capacity_t,0.0,t
MANDATORY_STRESS,base-v1,2036,D,ordered_t,0.0,t
MANDATORY_STRESS,base-v1,2036,D,delivered_plan_t,0.0,t
MANDATORY_STRESS,base-v1,2036,D,delivered_actual_t,0.0,t
MANDATORY_STRESS,base-v1,2036,D,delivery_share,1.0,share
MANDATORY_STRESS,base-v1,2036,D,payable_volume_t,0.0,t
MANDATORY_STRESS,base-v1,2036,D,take_or_pay_topup_t,0.0,t
MANDATORY_STRESS,base-v1,2036,D,price_mln_per_t,3.0,t
MANDATORY_STRESS,base-v1,2036,D,base_price_mln_per_t,3.0,t
MANDATORY_STRESS,base-v1,2036,D,variable_payment_mln,0.0,mln
MANDATORY_STRESS,base-v1,2036,D,reservation_payment_mln,0.0,mln
MANDATORY_STRESS,base-v1,2036,D,total_payment_mln,0.0,mln
MANDATORY_STRESS,base-v1,2036,E,available,1,bool
MANDATORY_STRESS,base-v1,2036,E,available_months,12,months
MANDATORY_STRESS,base-v1,2036,E,capacity_t,80.0,t
MANDATORY_STRESS,base-v1,2036,E,capacity_available_t,80.0,t
MANDATORY_STRESS,base-v1,2036,E,reserved_capacity_t,0.0,t
MANDATORY_STRESS,base-v1,2036,E,ordered_t,0.0,t
MANDATORY_STRESS,base-v1,2036,E,delivered_plan_t,0.0,t
MANDATORY_STRESS,base-v1,2036,E,delivered_actual_t,0.0,t
MANDATORY_STRESS,base-v1,2036,E,delivery_share,1.0,share
MANDATORY_STRESS,base-v1,2036,E,payable_volume_t,0.0,t
MANDATORY_STRESS,base-v1,2036,E,take_or_pay_topup_t,0.0,t
MANDATORY_STRESS,base-v1,2036,E,price_mln_per_t,13.8,t
MANDATORY_STRESS,base-v1,2036,E,base_price_mln_per_t,13.8,t
MANDATORY_STRESS,base-v1,2036,E,variable_payment_mln,0.0,mln
MANDATORY_STRESS,base-v1,2036,E,reservation_payment_mln,0.0,mln
MANDATORY_STRESS,base-v1,2036,E,total_payment_mln,0.0,mln
MANDATORY_STRESS,base-v1,2036,E,reliability,0.995,share
MANDATORY_STRESS,base-v1,2037,A,available,1,bool
MANDATORY_STRESS,base-v1,2037,A,available_months,12,months
MANDATORY_STRESS,base-v1,2037,A,capacity_t,190.0,t
MANDATORY_STRESS,base-v1,2037,A,capacity_available_t,190.0,t
MANDATORY_STRESS,base-v1,2037,A,reserved_capacity_t,190.0,t
MANDATORY_STRESS,base-v1,2037,A,ordered_t,185.0,t
MANDATORY_STRESS,base-v1,2037,A,delivered_plan_t,185.0,t
MANDATORY_STRESS,base-v1,2037,A,delivered_actual_t,185.0,t
MANDATORY_STRESS,base-v1,2037,A,delivery_share,1.0,share
MANDATORY_STRESS,base-v1,2037,A,payable_volume_t,185.0,t
MANDATORY_STRESS,base-v1,2037,A,take_or_pay_topup_t,0.0,t
MANDATORY_STRESS,base-v1,2037,A,price_mln_per_t,6.2,t
MANDATORY_STRESS,base-v1,2037,A,base_price_mln_per_t,6.2,t
MANDATORY_STRESS,base-v1,2037,A,variable_payment_mln,1147.0,mln
MANDATORY_STRESS,base-v1,2037,A,reservation_payment_mln,85.5,mln
MANDATORY_STRESS,base-v1,2037,A,total_payment_mln,1232.5,mln
MANDATORY_STRESS,base-v1,2037,A,reliability,0.96,share
MANDATORY_STRESS,base-v1,2037,B,available,1,bool
MANDATORY_STRESS,base-v1,2037,B,available_months,12,months
MANDATORY_STRESS,base-v1,2037,B,capacity_t,110.0,t
MANDATORY_STRESS,base-v1,2037,B,capacity_available_t,110.0,t
MANDATORY_STRESS,base-v1,2037,B,reserved_capacity_t,30.0,t
MANDATORY_STRESS,base-v1,2037,B,ordered_t,20.0,t
MANDATORY_STRESS,base-v1,2037,B,delivered_plan_t,20.0,t
MANDATORY_STRESS,base-v1,2037,B,delivered_actual_t,20.0,t
MANDATORY_STRESS,base-v1,2037,B,delivery_share,1.0,share
MANDATORY_STRESS,base-v1,2037,B,payable_volume_t,20.0,t
MANDATORY_STRESS,base-v1,2037,B,take_or_pay_topup_t,0.0,t
MANDATORY_STRESS,base-v1,2037,B,price_mln_per_t,8.9,t
MANDATORY_STRESS,base-v1,2037,B,base_price_mln_per_t,8.9,t
MANDATORY_STRESS,base-v1,2037,B,variable_payment_mln,178.0,mln
MANDATORY_STRESS,base-v1,2037,B,reservation_payment_mln,4.5,mln
MANDATORY_STRESS,base-v1,2037,B,total_payment_mln,182.5,mln
MANDATORY_STRESS,base-v1,2037,B,reliability,0.985,share
MANDATORY_STRESS,base-v1,2037,C,available,0,bool
MANDATORY_STRESS,base-v1,2037,C,available_months,0,months
MANDATORY_STRESS,base-v1,2037,C,capacity_t,130.0,t
MANDATORY_STRESS,base-v1,2037,C,capacity_available_t,0.0,t
MANDATORY_STRESS,base-v1,2037,C,reserved_capacity_t,0.0,t
MANDATORY_STRESS,base-v1,2037,C,ordered_t,0.0,t
MANDATORY_STRESS,base-v1,2037,C,delivered_plan_t,0.0,t
MANDATORY_STRESS,base-v1,2037,C,delivered_actual_t,0.0,t
MANDATORY_STRESS,base-v1,2037,C,delivery_share,1.0,share
MANDATORY_STRESS,base-v1,2037,C,payable_volume_t,0.0,t
MANDATORY_STRESS,base-v1,2037,C,take_or_pay_topup_t,0.0,t
MANDATORY_STRESS,base-v1,2037,C,price_mln_per_t,7.1,t
MANDATORY_STRESS,base-v1,2037,C,base_price_mln_per_t,7.1,t
MANDATORY_STRESS,base-v1,2037,C,variable_payment_mln,0.0,mln
MANDATORY_STRESS,base-v1,2037,C,reservation_payment_mln,0.0,mln
MANDATORY_STRESS,base-v1,2037,C,total_payment_mln,0.0,mln
MANDATORY_STRESS,base-v1,2037,C,reliability,0.94,share
MANDATORY_STRESS,base-v1,2037,D,available,0,bool
MANDATORY_STRESS,base-v1,2037,D,available_months,0,months
MANDATORY_STRESS,base-v1,2037,D,capacity_t,120.0,t
MANDATORY_STRESS,base-v1,2037,D,capacity_available_t,0.0,t
MANDATORY_STRESS,base-v1,2037,D,reserved_capacity_t,0.0,t
MANDATORY_STRESS,base-v1,2037,D,ordered_t,0.0,t
MANDATORY_STRESS,base-v1,2037,D,delivered_plan_t,0.0,t
MANDATORY_STRESS,base-v1,2037,D,delivered_actual_t,0.0,t
MANDATORY_STRESS,base-v1,2037,D,delivery_share,1.0,share
MANDATORY_STRESS,base-v1,2037,D,payable_volume_t,0.0,t
MANDATORY_STRESS,base-v1,2037,D,take_or_pay_topup_t,0.0,t
MANDATORY_STRESS,base-v1,2037,D,price_mln_per_t,3.0,t
MANDATORY_STRESS,base-v1,2037,D,base_price_mln_per_t,3.0,t
MANDATORY_STRESS,base-v1,2037,D,variable_payment_mln,0.0,mln
MANDATORY_STRESS,base-v1,2037,D,reservation_payment_mln,0.0,mln
MANDATORY_STRESS,base-v1,2037,D,total_payment_mln,0.0,mln
MANDATORY_STRESS,base-v1,2037,E,available,1,bool
MANDATORY_STRESS,base-v1,2037,E,available_months,12,months
MANDATORY_STRESS,base-v1,2037,E,capacity_t,80.0,t
MANDATORY_STRESS,base-v1,2037,E,capacity_available_t,80.0,t
MANDATORY_STRESS,base-v1,2037,E,reserved_capacity_t,0.0,t
MANDATORY_STRESS,base-v1,2037,E,ordered_t,0.0,t
MANDATORY_STRESS,base-v1,2037,E,delivered_plan_t,0.0,t
MANDATORY_STRESS,base-v1,2037,E,delivered_actual_t,0.0,t
MANDATORY_STRESS,base-v1,2037,E,delivery_share,1.0,share
MANDATORY_STRESS,base-v1,2037,E,payable_volume_t,0.0,t
MANDATORY_STRESS,base-v1,2037,E,take_or_pay_topup_t,0.0,t
MANDATORY_STRESS,base-v1,2037,E,price_mln_per_t,13.8,t
MANDATORY_STRESS,base-v1,2037,E,base_price_mln_per_t,13.8,t
MANDATORY_STRESS,base-v1,2037,E,variable_payment_mln,0.0,mln
MANDATORY_STRESS,base-v1,2037,E,reservation_payment_mln,0.0,mln
MANDATORY_STRESS,base-v1,2037,E,total_payment_mln,0.0,mln
MANDATORY_STRESS,base-v1,2037,E,reliability,0.995,share
MANDATORY_STRESS,base-v1,2038,A,available,1,bool
MANDATORY_STRESS,base-v1,2038,A,available_months,12,months
MANDATORY_STRESS,base-v1,2038,A,capacity_t,190.0,t
MANDATORY_STRESS,base-v1,2038,A,capacity_available_t,190.0,t
MANDATORY_STRESS,base-v1,2038,A,reserved_capacity_t,190.0,t
MANDATORY_STRESS,base-v1,2038,A,ordered_t,190.0,t
MANDATORY_STRESS,base-v1,2038,A,delivered_plan_t,190.0,t
MANDATORY_STRESS,base-v1,2038,A,delivered_actual_t,190.0,t
MANDATORY_STRESS,base-v1,2038,A,delivery_share,1.0,share
MANDATORY_STRESS,base-v1,2038,A,payable_volume_t,190.0,t
MANDATORY_STRESS,base-v1,2038,A,take_or_pay_topup_t,0.0,t
MANDATORY_STRESS,base-v1,2038,A,price_mln_per_t,7.75,t
MANDATORY_STRESS,base-v1,2038,A,base_price_mln_per_t,6.2,t
MANDATORY_STRESS,base-v1,2038,A,variable_payment_mln,1472.5,mln
MANDATORY_STRESS,base-v1,2038,A,reservation_payment_mln,85.5,mln
MANDATORY_STRESS,base-v1,2038,A,total_payment_mln,1558.0,mln
MANDATORY_STRESS,base-v1,2038,A,reliability,0.96,share
MANDATORY_STRESS,base-v1,2038,B,available,1,bool
MANDATORY_STRESS,base-v1,2038,B,available_months,12,months
MANDATORY_STRESS,base-v1,2038,B,capacity_t,110.0,t
MANDATORY_STRESS,base-v1,2038,B,capacity_available_t,110.0,t
MANDATORY_STRESS,base-v1,2038,B,reserved_capacity_t,20.0,t
MANDATORY_STRESS,base-v1,2038,B,ordered_t,0.0,t
MANDATORY_STRESS,base-v1,2038,B,delivered_plan_t,0.0,t
MANDATORY_STRESS,base-v1,2038,B,delivered_actual_t,0.0,t
MANDATORY_STRESS,base-v1,2038,B,delivery_share,1.0,share
MANDATORY_STRESS,base-v1,2038,B,payable_volume_t,0.0,t
MANDATORY_STRESS,base-v1,2038,B,take_or_pay_topup_t,0.0,t
MANDATORY_STRESS,base-v1,2038,B,price_mln_per_t,11.125,t
MANDATORY_STRESS,base-v1,2038,B,base_price_mln_per_t,8.9,t
MANDATORY_STRESS,base-v1,2038,B,variable_payment_mln,0.0,mln
MANDATORY_STRESS,base-v1,2038,B,reservation_payment_mln,3.0,mln
MANDATORY_STRESS,base-v1,2038,B,total_payment_mln,3.0,mln
MANDATORY_STRESS,base-v1,2038,B,reliability,0.985,share
MANDATORY_STRESS,base-v1,2038,C,available,1,bool
MANDATORY_STRESS,base-v1,2038,C,available_months,12,months
MANDATORY_STRESS,base-v1,2038,C,capacity_t,130.0,t
MANDATORY_STRESS,base-v1,2038,C,capacity_available_t,130.0,t
MANDATORY_STRESS,base-v1,2038,C,reserved_capacity_t,130.0,t
MANDATORY_STRESS,base-v1,2038,C,ordered_t,50.0,t
MANDATORY_STRESS,base-v1,2038,C,delivered_plan_t,50.0,t
MANDATORY_STRESS,base-v1,2038,C,delivered_actual_t,50.0,t
MANDATORY_STRESS,base-v1,2038,C,delivery_share,1.0,share
MANDATORY_STRESS,base-v1,2038,C,payable_volume_t,65.0,t
MANDATORY_STRESS,base-v1,2038,C,take_or_pay_topup_t,15.0,t
MANDATORY_STRESS,base-v1,2038,C,price_mln_per_t,7.1,t
MANDATORY_STRESS,base-v1,2038,C,base_price_mln_per_t,7.1,t
MANDATORY_STRESS,base-v1,2038,C,variable_payment_mln,461.5,mln
MANDATORY_STRESS,base-v1,2038,C,reservation_payment_mln,39.0,mln
MANDATORY_STRESS,base-v1,2038,C,total_payment_mln,500.5,mln
MANDATORY_STRESS,base-v1,2038,C,reliability,0.88,share
MANDATORY_STRESS,base-v1,2038,D,available,1,bool
MANDATORY_STRESS,base-v1,2038,D,available_months,10,months
MANDATORY_STRESS,base-v1,2038,D,capacity_t,120.0,t
MANDATORY_STRESS,base-v1,2038,D,capacity_available_t,100.0,t
MANDATORY_STRESS,base-v1,2038,D,reserved_capacity_t,0.0,t
MANDATORY_STRESS,base-v1,2038,D,ordered_t,40.0,t
MANDATORY_STRESS,base-v1,2038,D,delivered_plan_t,40.0,t
MANDATORY_STRESS,base-v1,2038,D,delivered_actual_t,22.0,t
MANDATORY_STRESS,base-v1,2038,D,delivery_share,0.55,share
MANDATORY_STRESS,base-v1,2038,D,payable_volume_t,22.0,t
MANDATORY_STRESS,base-v1,2038,D,take_or_pay_topup_t,0.0,t
MANDATORY_STRESS,base-v1,2038,D,price_mln_per_t,3.0,t
MANDATORY_STRESS,base-v1,2038,D,base_price_mln_per_t,3.0,t
MANDATORY_STRESS,base-v1,2038,D,variable_payment_mln,66.0,mln
MANDATORY_STRESS,base-v1,2038,D,reservation_payment_mln,0.0,mln
MANDATORY_STRESS,base-v1,2038,D,total_payment_mln,66.0,mln
MANDATORY_STRESS,base-v1,2038,D,reliability,0.78,share
MANDATORY_STRESS,base-v1,2038,E,available,1,bool
MANDATORY_STRESS,base-v1,2038,E,available_months,12,months
MANDATORY_STRESS,base-v1,2038,E,capacity_t,80.0,t
MANDATORY_STRESS,base-v1,2038,E,capacity_available_t,80.0,t
MANDATORY_STRESS,base-v1,2038,E,reserved_capacity_t,0.0,t
MANDATORY_STRESS,base-v1,2038,E,ordered_t,0.0,t
MANDATORY_STRESS,base-v1,2038,E,delivered_plan_t,0.0,t
MANDATORY_STRESS,base-v1,2038,E,delivered_actual_t,0.0,t
MANDATORY_STRESS,base-v1,2038,E,delivery_share,1.0,share
MANDATORY_STRESS,base-v1,2038,E,payable_volume_t,0.0,t
MANDATORY_STRESS,base-v1,2038,E,take_or_pay_topup_t,0.0,t
MANDATORY_STRESS,base-v1,2038,E,price_mln_per_t,13.8,t
MANDATORY_STRESS,base-v1,2038,E,base_price_mln_per_t,13.8,t
MANDATORY_STRESS,base-v1,2038,E,variable_payment_mln,0.0,mln
MANDATORY_STRESS,base-v1,2038,E,reservation_payment_mln,0.0,mln
MANDATORY_STRESS,base-v1,2038,E,total_payment_mln,0.0,mln
MANDATORY_STRESS,base-v1,2038,E,reliability,0.995,share
MANDATORY_STRESS,base-v1,2039,A,available,1,bool
MANDATORY_STRESS,base-v1,2039,A,available_months,12,months
MANDATORY_STRESS,base-v1,2039,A,capacity_t,190.0,t
MANDATORY_STRESS,base-v1,2039,A,capacity_available_t,190.0,t
MANDATORY_STRESS,base-v1,2039,A,reserved_capacity_t,190.0,t
MANDATORY_STRESS,base-v1,2039,A,ordered_t,190.0,t
MANDATORY_STRESS,base-v1,2039,A,delivered_plan_t,190.0,t
MANDATORY_STRESS,base-v1,2039,A,delivered_actual_t,190.0,t
MANDATORY_STRESS,base-v1,2039,A,delivery_share,1.0,share
MANDATORY_STRESS,base-v1,2039,A,payable_volume_t,190.0,t
MANDATORY_STRESS,base-v1,2039,A,take_or_pay_topup_t,0.0,t
MANDATORY_STRESS,base-v1,2039,A,price_mln_per_t,7.75,t
MANDATORY_STRESS,base-v1,2039,A,base_price_mln_per_t,6.2,t
MANDATORY_STRESS,base-v1,2039,A,variable_payment_mln,1472.5,mln
MANDATORY_STRESS,base-v1,2039,A,reservation_payment_mln,85.5,mln
MANDATORY_STRESS,base-v1,2039,A,total_payment_mln,1558.0,mln
MANDATORY_STRESS,base-v1,2039,A,reliability,0.96,share
MANDATORY_STRESS,base-v1,2039,B,available,1,bool
MANDATORY_STRESS,base-v1,2039,B,available_months,12,months
MANDATORY_STRESS,base-v1,2039,B,capacity_t,110.0,t
MANDATORY_STRESS,base-v1,2039,B,capacity_available_t,110.0,t
MANDATORY_STRESS,base-v1,2039,B,reserved_capacity_t,20.0,t
MANDATORY_STRESS,base-v1,2039,B,ordered_t,0.0,t
MANDATORY_STRESS,base-v1,2039,B,delivered_plan_t,0.0,t
MANDATORY_STRESS,base-v1,2039,B,delivered_actual_t,0.0,t
MANDATORY_STRESS,base-v1,2039,B,delivery_share,1.0,share
MANDATORY_STRESS,base-v1,2039,B,payable_volume_t,0.0,t
MANDATORY_STRESS,base-v1,2039,B,take_or_pay_topup_t,0.0,t
MANDATORY_STRESS,base-v1,2039,B,price_mln_per_t,11.125,t
MANDATORY_STRESS,base-v1,2039,B,base_price_mln_per_t,8.9,t
MANDATORY_STRESS,base-v1,2039,B,variable_payment_mln,0.0,mln
MANDATORY_STRESS,base-v1,2039,B,reservation_payment_mln,3.0,mln
MANDATORY_STRESS,base-v1,2039,B,total_payment_mln,3.0,mln
MANDATORY_STRESS,base-v1,2039,B,reliability,0.985,share
MANDATORY_STRESS,base-v1,2039,C,available,1,bool
MANDATORY_STRESS,base-v1,2039,C,available_months,12,months
MANDATORY_STRESS,base-v1,2039,C,capacity_t,130.0,t
MANDATORY_STRESS,base-v1,2039,C,capacity_available_t,130.0,t
MANDATORY_STRESS,base-v1,2039,C,reserved_capacity_t,130.0,t
MANDATORY_STRESS,base-v1,2039,C,ordered_t,100.0,t
MANDATORY_STRESS,base-v1,2039,C,delivered_plan_t,100.0,t
MANDATORY_STRESS,base-v1,2039,C,delivered_actual_t,100.0,t
MANDATORY_STRESS,base-v1,2039,C,delivery_share,1.0,share
MANDATORY_STRESS,base-v1,2039,C,payable_volume_t,100.0,t
MANDATORY_STRESS,base-v1,2039,C,take_or_pay_topup_t,0.0,t
MANDATORY_STRESS,base-v1,2039,C,price_mln_per_t,7.1,t
MANDATORY_STRESS,base-v1,2039,C,base_price_mln_per_t,7.1,t
MANDATORY_STRESS,base-v1,2039,C,variable_payment_mln,710.0,mln
MANDATORY_STRESS,base-v1,2039,C,reservation_payment_mln,39.0,mln
MANDATORY_STRESS,base-v1,2039,C,total_payment_mln,749.0,mln
MANDATORY_STRESS,base-v1,2039,C,reliability,0.94,share
MANDATORY_STRESS,base-v1,2039,D,available,1,bool
MANDATORY_STRESS,base-v1,2039,D,available_months,12,months
MANDATORY_STRESS,base-v1,2039,D,capacity_t,120.0,t
MANDATORY_STRESS,base-v1,2039,D,capacity_available_t,120.0,t
MANDATORY_STRESS,base-v1,2039,D,reserved_capacity_t,0.0,t
MANDATORY_STRESS,base-v1,2039,D,ordered_t,40.0,t
MANDATORY_STRESS,base-v1,2039,D,delivered_plan_t,40.0,t
MANDATORY_STRESS,base-v1,2039,D,delivered_actual_t,30.0,t
MANDATORY_STRESS,base-v1,2039,D,delivery_share,0.75,share
MANDATORY_STRESS,base-v1,2039,D,payable_volume_t,30.0,t
MANDATORY_STRESS,base-v1,2039,D,take_or_pay_topup_t,0.0,t
MANDATORY_STRESS,base-v1,2039,D,price_mln_per_t,3.0,t
MANDATORY_STRESS,base-v1,2039,D,base_price_mln_per_t,3.0,t
MANDATORY_STRESS,base-v1,2039,D,variable_payment_mln,90.0,mln
MANDATORY_STRESS,base-v1,2039,D,reservation_payment_mln,0.0,mln
MANDATORY_STRESS,base-v1,2039,D,total_payment_mln,90.0,mln
MANDATORY_STRESS,base-v1,2039,D,reliability,0.9,share
MANDATORY_STRESS,base-v1,2039,E,available,1,bool
MANDATORY_STRESS,base-v1,2039,E,available_months,12,months
MANDATORY_STRESS,base-v1,2039,E,capacity_t,80.0,t
MANDATORY_STRESS,base-v1,2039,E,capacity_available_t,80.0,t
MANDATORY_STRESS,base-v1,2039,E,reserved_capacity_t,0.0,t
MANDATORY_STRESS,base-v1,2039,E,ordered_t,0.0,t
MANDATORY_STRESS,base-v1,2039,E,delivered_plan_t,0.0,t
MANDATORY_STRESS,base-v1,2039,E,delivered_actual_t,0.0,t
MANDATORY_STRESS,base-v1,2039,E,delivery_share,1.0,share
MANDATORY_STRESS,base-v1,2039,E,payable_volume_t,0.0,t
MANDATORY_STRESS,base-v1,2039,E,take_or_pay_topup_t,0.0,t
MANDATORY_STRESS,base-v1,2039,E,price_mln_per_t,13.8,t
MANDATORY_STRESS,base-v1,2039,E,base_price_mln_per_t,13.8,t
MANDATORY_STRESS,base-v1,2039,E,variable_payment_mln,0.0,mln
MANDATORY_STRESS,base-v1,2039,E,reservation_payment_mln,0.0,mln
MANDATORY_STRESS,base-v1,2039,E,total_payment_mln,0.0,mln
MANDATORY_STRESS,base-v1,2039,E,reliability,0.995,share
MANDATORY_STRESS,base-v1,2040,A,available,1,bool
MANDATORY_STRESS,base-v1,2040,A,available_months,12,months
MANDATORY_STRESS,base-v1,2040,A,capacity_t,190.0,t
MANDATORY_STRESS,base-v1,2040,A,capacity_available_t,190.0,t
MANDATORY_STRESS,base-v1,2040,A,reserved_capacity_t,190.0,t
MANDATORY_STRESS,base-v1,2040,A,ordered_t,190.0,t
MANDATORY_STRESS,base-v1,2040,A,delivered_plan_t,190.0,t
MANDATORY_STRESS,base-v1,2040,A,delivered_actual_t,190.0,t
MANDATORY_STRESS,base-v1,2040,A,delivery_share,1.0,share
MANDATORY_STRESS,base-v1,2040,A,payable_volume_t,190.0,t
MANDATORY_STRESS,base-v1,2040,A,take_or_pay_topup_t,0.0,t
MANDATORY_STRESS,base-v1,2040,A,price_mln_per_t,6.2,t
MANDATORY_STRESS,base-v1,2040,A,base_price_mln_per_t,6.2,t
MANDATORY_STRESS,base-v1,2040,A,variable_payment_mln,1178.0,mln
MANDATORY_STRESS,base-v1,2040,A,reservation_payment_mln,85.5,mln
MANDATORY_STRESS,base-v1,2040,A,total_payment_mln,1263.5,mln
MANDATORY_STRESS,base-v1,2040,A,reliability,0.96,share
MANDATORY_STRESS,base-v1,2040,B,available,1,bool
MANDATORY_STRESS,base-v1,2040,B,available_months,12,months
MANDATORY_STRESS,base-v1,2040,B,capacity_t,110.0,t
MANDATORY_STRESS,base-v1,2040,B,capacity_available_t,110.0,t
MANDATORY_STRESS,base-v1,2040,B,reserved_capacity_t,20.0,t
MANDATORY_STRESS,base-v1,2040,B,ordered_t,0.0,t
MANDATORY_STRESS,base-v1,2040,B,delivered_plan_t,0.0,t
MANDATORY_STRESS,base-v1,2040,B,delivered_actual_t,0.0,t
MANDATORY_STRESS,base-v1,2040,B,delivery_share,1.0,share
MANDATORY_STRESS,base-v1,2040,B,payable_volume_t,0.0,t
MANDATORY_STRESS,base-v1,2040,B,take_or_pay_topup_t,0.0,t
MANDATORY_STRESS,base-v1,2040,B,price_mln_per_t,8.9,t
MANDATORY_STRESS,base-v1,2040,B,base_price_mln_per_t,8.9,t
MANDATORY_STRESS,base-v1,2040,B,variable_payment_mln,0.0,mln
MANDATORY_STRESS,base-v1,2040,B,reservation_payment_mln,3.0,mln
MANDATORY_STRESS,base-v1,2040,B,total_payment_mln,3.0,mln
MANDATORY_STRESS,base-v1,2040,B,reliability,0.985,share
MANDATORY_STRESS,base-v1,2040,C,available,1,bool
MANDATORY_STRESS,base-v1,2040,C,available_months,12,months
MANDATORY_STRESS,base-v1,2040,C,capacity_t,130.0,t
MANDATORY_STRESS,base-v1,2040,C,capacity_available_t,130.0,t
MANDATORY_STRESS,base-v1,2040,C,reserved_capacity_t,130.0,t
MANDATORY_STRESS,base-v1,2040,C,ordered_t,130.0,t
MANDATORY_STRESS,base-v1,2040,C,delivered_plan_t,130.0,t
MANDATORY_STRESS,base-v1,2040,C,delivered_actual_t,130.0,t
MANDATORY_STRESS,base-v1,2040,C,delivery_share,1.0,share
MANDATORY_STRESS,base-v1,2040,C,payable_volume_t,130.0,t
MANDATORY_STRESS,base-v1,2040,C,take_or_pay_topup_t,0.0,t
MANDATORY_STRESS,base-v1,2040,C,price_mln_per_t,7.1,t
MANDATORY_STRESS,base-v1,2040,C,base_price_mln_per_t,7.1,t
MANDATORY_STRESS,base-v1,2040,C,variable_payment_mln,923.0,mln
MANDATORY_STRESS,base-v1,2040,C,reservation_payment_mln,39.0,mln
MANDATORY_STRESS,base-v1,2040,C,total_payment_mln,962.0,mln
MANDATORY_STRESS,base-v1,2040,C,reliability,0.94,share
MANDATORY_STRESS,base-v1,2040,D,available,1,bool
MANDATORY_STRESS,base-v1,2040,D,available_months,12,months
MANDATORY_STRESS,base-v1,2040,D,capacity_t,120.0,t
MANDATORY_STRESS,base-v1,2040,D,capacity_available_t,120.0,t
MANDATORY_STRESS,base-v1,2040,D,reserved_capacity_t,0.0,t
MANDATORY_STRESS,base-v1,2040,D,ordered_t,80.0,t
MANDATORY_STRESS,base-v1,2040,D,delivered_plan_t,80.0,t
MANDATORY_STRESS,base-v1,2040,D,delivered_actual_t,80.0,t
MANDATORY_STRESS,base-v1,2040,D,delivery_share,1.0,share
MANDATORY_STRESS,base-v1,2040,D,payable_volume_t,80.0,t
MANDATORY_STRESS,base-v1,2040,D,take_or_pay_topup_t,0.0,t
MANDATORY_STRESS,base-v1,2040,D,price_mln_per_t,3.0,t
MANDATORY_STRESS,base-v1,2040,D,base_price_mln_per_t,3.0,t
MANDATORY_STRESS,base-v1,2040,D,variable_payment_mln,240.0,mln
MANDATORY_STRESS,base-v1,2040,D,reservation_payment_mln,0.0,mln
MANDATORY_STRESS,base-v1,2040,D,total_payment_mln,240.0,mln
MANDATORY_STRESS,base-v1,2040,D,reliability,0.93,share
MANDATORY_STRESS,base-v1,2040,E,available,1,bool
MANDATORY_STRESS,base-v1,2040,E,available_months,12,months
MANDATORY_STRESS,base-v1,2040,E,capacity_t,80.0,t
MANDATORY_STRESS,base-v1,2040,E,capacity_available_t,80.0,t
MANDATORY_STRESS,base-v1,2040,E,reserved_capacity_t,0.0,t
MANDATORY_STRESS,base-v1,2040,E,ordered_t,0.0,t
MANDATORY_STRESS,base-v1,2040,E,delivered_plan_t,0.0,t
MANDATORY_STRESS,base-v1,2040,E,delivered_actual_t,0.0,t
MANDATORY_STRESS,base-v1,2040,E,delivery_share,1.0,share
MANDATORY_STRESS,base-v1,2040,E,payable_volume_t,0.0,t
MANDATORY_STRESS,base-v1,2040,E,take_or_pay_topup_t,0.0,t
MANDATORY_STRESS,base-v1,2040,E,price_mln_per_t,13.8,t
MANDATORY_STRESS,base-v1,2040,E,base_price_mln_per_t,13.8,t
MANDATORY_STRESS,base-v1,2040,E,variable_payment_mln,0.0,mln
MANDATORY_STRESS,base-v1,2040,E,reservation_payment_mln,0.0,mln
MANDATORY_STRESS,base-v1,2040,E,total_payment_mln,0.0,mln
MANDATORY_STRESS,base-v1,2040,E,reliability,0.995,share
MANDATORY_STRESS,base-v1,2035,storage:BASE,capacity_t,70.0,t
MANDATORY_STRESS,base-v1,2035,storage:BASE,opening_t,15.0,t
MANDATORY_STRESS,base-v1,2035,storage:BASE,inflow_t,115.0,t
MANDATORY_STRESS,base-v1,2035,storage:BASE,losses_t,5.175,t
MANDATORY_STRESS,base-v1,2035,storage:BASE,outflow_t,100.0,t
MANDATORY_STRESS,base-v1,2035,storage:BASE,closing_t,24.825,t
MANDATORY_STRESS,base-v1,2035,storage:BASE,average_stock_t,19.9125,t
MANDATORY_STRESS,base-v1,2035,storage:BASE,min_stock_t,15.81875,t
MANDATORY_STRESS,base-v1,2035,storage:BASE,max_stock_t,24.825,t
MANDATORY_STRESS,base-v1,2036,storage:BASE,capacity_t,70.0,t
MANDATORY_STRESS,base-v1,2036,storage:BASE,opening_t,24.825,t
MANDATORY_STRESS,base-v1,2036,storage:BASE,inflow_t,160.0,t
MANDATORY_STRESS,base-v1,2036,storage:BASE,losses_t,7.2,t
MANDATORY_STRESS,base-v1,2036,storage:BASE,outflow_t,140.0,t
MANDATORY_STRESS,base-v1,2036,storage:BASE,closing_t,37.625,t
MANDATORY_STRESS,base-v1,2036,storage:BASE,average_stock_t,31.225,t
MANDATORY_STRESS,base-v1,2036,storage:BASE,min_stock_t,25.891667,t
MANDATORY_STRESS,base-v1,2036,storage:BASE,max_stock_t,37.625,t
MANDATORY_STRESS,base-v1,2037,storage:ZBO,capacity_t,120.0,t
MANDATORY_STRESS,base-v1,2037,storage:ZBO,opening_t,37.625,t
MANDATORY_STRESS,base-v1,2037,storage:ZBO,inflow_t,205.0,t
MANDATORY_STRESS,base-v1,2037,storage:ZBO,losses_t,2.46,t
MANDATORY_STRESS,base-v1,2037,storage:ZBO,outflow_t,190.0,t
MANDATORY_STRESS,base-v1,2037,storage:ZBO,closing_t,50.165,t
MANDATORY_STRESS,base-v1,2037,storage:ZBO,average_stock_t,43.895,t
MANDATORY_STRESS,base-v1,2037,storage:ZBO,min_stock_t,38.67,t
MANDATORY_STRESS,base-v1,2037,storage:ZBO,max_stock_t,50.165,t
MANDATORY_STRESS,base-v1,2038,storage:ZBO,capacity_t,120.0,t
MANDATORY_STRESS,base-v1,2038,storage:ZBO,opening_t,50.165,t
MANDATORY_STRESS,base-v1,2038,storage:ZBO,inflow_t,262.0,t
MANDATORY_STRESS,base-v1,2038,storage:ZBO,losses_t,3.144,t
MANDATORY_STRESS,base-v1,2038,storage:ZBO,outflow_t,287.5,t
MANDATORY_STRESS,base-v1,2038,storage:ZBO,closing_t,21.521,t
MANDATORY_STRESS,base-v1,2038,storage:ZBO,average_stock_t,34.031667,t
MANDATORY_STRESS,base-v1,2038,storage:ZBO,min_stock_t,21.521,t
MANDATORY_STRESS,base-v1,2038,storage:ZBO,max_stock_t,45.966667,t
MANDATORY_STRESS,base-v1,2039,storage:ZBO,capacity_t,120.0,t
MANDATORY_STRESS,base-v1,2039,storage:ZBO,opening_t,21.521,t
MANDATORY_STRESS,base-v1,2039,storage:ZBO,inflow_t,320.0,t
MANDATORY_STRESS,base-v1,2039,storage:ZBO,losses_t,3.84,t
MANDATORY_STRESS,base-v1,2039,storage:ZBO,outflow_t,337.681,t
MANDATORY_STRESS,base-v1,2039,storage:ZBO,closing_t,0.0,t
MANDATORY_STRESS,base-v1,2039,storage:ZBO,average_stock_t,4.470375,t
MANDATORY_STRESS,base-v1,2039,storage:ZBO,min_stock_t,0.0,t
MANDATORY_STRESS,base-v1,2039,storage:ZBO,max_stock_t,17.201,t
MANDATORY_STRESS,base-v1,2040,storage:ZBO,capacity_t,120.0,t
MANDATORY_STRESS,base-v1,2040,storage:ZBO,opening_t,0.0,t
MANDATORY_STRESS,base-v1,2040,storage:ZBO,inflow_t,400.0,t
MANDATORY_STRESS,base-v1,2040,storage:ZBO,losses_t,4.8,t
MANDATORY_STRESS,base-v1,2040,storage:ZBO,outflow_t,395.2,t
MANDATORY_STRESS,base-v1,2040,storage:ZBO,closing_t,0.0,t
MANDATORY_STRESS,base-v1,2040,storage:ZBO,average_stock_t,0.0,t
MANDATORY_STRESS,base-v1,2040,storage:ZBO,min_stock_t,0.0,t
MANDATORY_STRESS,base-v1,2040,storage:ZBO,max_stock_t,0.0,t
MANDATORY_STRESS,base-v1,2035,finance,procurement_mln,767.0,mln
MANDATORY_STRESS,base-v1,2035,finance,reservation_mln,49.5,mln
MANDATORY_STRESS,base-v1,2035,finance,take_or_pay_topup_mln,0.0,mln
MANDATORY_STRESS,base-v1,2035,finance,holding_mln,14.337,mln
MANDATORY_STRESS,base-v1,2035,finance,fixed_opex_mln,0.0,mln
MANDATORY_STRESS,base-v1,2035,finance,capex_mln,90.0,mln
MANDATORY_STRESS,base-v1,2035,finance,initial_stock_mln,133.5,mln
MANDATORY_STRESS,base-v1,2035,finance,total_mln,1054.337,mln
MANDATORY_STRESS,base-v1,2035,finance,discount_factor,1.0,share
MANDATORY_STRESS,base-v1,2035,finance,pv_mln,1054.337,mln
MANDATORY_STRESS,base-v1,2035,finance,cumulative_capex_mln,90.0,mln
MANDATORY_STRESS,base-v1,2036,finance,procurement_mln,1046.0,mln
MANDATORY_STRESS,base-v1,2036,finance,reservation_mln,72.0,mln
MANDATORY_STRESS,base-v1,2036,finance,take_or_pay_topup_mln,0.0,mln
MANDATORY_STRESS,base-v1,2036,finance,holding_mln,22.482,mln
MANDATORY_STRESS,base-v1,2036,finance,fixed_opex_mln,0.0,mln
MANDATORY_STRESS,base-v1,2036,finance,capex_mln,895.0,mln
MANDATORY_STRESS,base-v1,2036,finance,initial_stock_mln,0.0,mln
MANDATORY_STRESS,base-v1,2036,finance,total_mln,2035.482,mln
MANDATORY_STRESS,base-v1,2036,finance,discount_factor,0.925926,share
MANDATORY_STRESS,base-v1,2036,finance,pv_mln,1884.705556,mln
MANDATORY_STRESS,base-v1,2036,finance,cumulative_capex_mln,985.0,mln
MANDATORY_STRESS,base-v1,2037,finance,procurement_mln,1325.0,mln
MANDATORY_STRESS,base-v1,2037,finance,reservation_mln,90.0,mln
MANDATORY_STRESS,base-v1,2037,finance,take_or_pay_topup_mln,0.0,mln
MANDATORY_STRESS,base-v1,2037,finance,holding_mln,31.6044,mln
MANDATORY_STRESS,base-v1,2037,finance,fixed_opex_mln,12.0,mln
MANDATORY_STRESS,base-v1,2037,finance,capex_mln,805.0,mln
MANDATORY_STRESS,base-v1,2037,finance,initial_stock_mln,0.0,mln
MANDATORY_STRESS,base-v1,2037,finance,total_mln,2263.6044,mln
MANDATORY_STRESS,base-v1,2037,finance,discount_factor,0.857339,share
MANDATORY_STRESS,base-v1,2037,finance,pv_mln,1940.675926,mln
MANDATORY_STRESS,base-v1,2037,finance,cumulative_capex_mln,1790.0,mln
MANDATORY_STRESS,base-v1,2038,finance,procurement_mln,2000.0,mln
MANDATORY_STRESS,base-v1,2038,finance,reservation_mln,127.5,mln
MANDATORY_STRESS,base-v1,2038,finance,take_or_pay_topup_mln,106.5,mln
MANDATORY_STRESS,base-v1,2038,finance,holding_mln,24.5028,mln
MANDATORY_STRESS,base-v1,2038,finance,fixed_opex_mln,82.0,mln
MANDATORY_STRESS,base-v1,2038,finance,capex_mln,0.0,mln
MANDATORY_STRESS,base-v1,2038,finance,initial_stock_mln,0.0,mln
MANDATORY_STRESS,base-v1,2038,finance,total_mln,2234.0028,mln
MANDATORY_STRESS,base-v1,2038,finance,discount_factor,0.793832,share
MANDATORY_STRESS,base-v1,2038,finance,pv_mln,1773.423449,mln
MANDATORY_STRESS,base-v1,2038,finance,cumulative_capex_mln,1790.0,mln
MANDATORY_STRESS,base-v1,2039,finance,procurement_mln,2272.5,mln
MANDATORY_STRESS,base-v1,2039,finance,reservation_mln,127.5,mln
MANDATORY_STRESS,base-v1,2039,finance,take_or_pay_topup_mln,0.0,mln
MANDATORY_STRESS,base-v1,2039,finance,holding_mln,3.21867,mln
MANDATORY_STRESS,base-v1,2039,finance,fixed_opex_mln,82.0,mln
MANDATORY_STRESS,base-v1,2039,finance,capex_mln,0.0,mln
MANDATORY_STRESS,base-v1,2039,finance,initial_stock_mln,0.0,mln
MANDATORY_STRESS,base-v1,2039,finance,total_mln,2485.21867,mln
MANDATORY_STRESS,base-v1,2039,finance,discount_factor,0.73503,share
MANDATORY_STRESS,base-v1,2039,finance,pv_mln,1826.709913,mln
MANDATORY_STRESS,base-v1,2039,finance,cumulative_capex_mln,1790.0,mln
MANDATORY_STRESS,base-v1,2040,finance,procurement_mln,2341.0,mln
MANDATORY_STRESS,base-v1,2040,finance,reservation_mln,127.5,mln
MANDATORY_STRESS,base-v1,2040,finance,take_or_pay_topup_mln,0.0,mln
MANDATORY_STRESS,base-v1,2040,finance,holding_mln,0.0,mln
MANDATORY_STRESS,base-v1,2040,finance,fixed_opex_mln,82.0,mln
MANDATORY_STRESS,base-v1,2040,finance,capex_mln,0.0,mln
MANDATORY_STRESS,base-v1,2040,finance,initial_stock_mln,0.0,mln
MANDATORY_STRESS,base-v1,2040,finance,total_mln,2550.5,mln
MANDATORY_STRESS,base-v1,2040,finance,discount_factor,0.680583,share
MANDATORY_STRESS,base-v1,2040,finance,pv_mln,1735.827444,mln
MANDATORY_STRESS,base-v1,2040,finance,cumulative_capex_mln,1790.0,mln
MANDATORY_STRESS,base-v1,,totals,total_cost_mln,12623.14487,mln
MANDATORY_STRESS,base-v1,,totals,pv_total_mln,10215.679288,mln
MANDATORY_STRESS,base-v1,,totals,capex_total_mln,1790.0,mln
MANDATORY_STRESS,base-v1,,totals,procurement_mln,9751.5,mln
MANDATORY_STRESS,base-v1,,totals,reservation_mln,594.0,mln
MANDATORY_STRESS,base-v1,,totals,holding_mln,96.14487,mln
MANDATORY_STRESS,base-v1,,totals,fixed_opex_mln,258.0,mln
MANDATORY_STRESS,base-v1,,totals,demand_total_t,1534.0,t
MANDATORY_STRESS,base-v1,,totals,served_total_t,1450.381,t
MANDATORY_STRESS,base-v1,,totals,shortage_total_t,83.619,t
MANDATORY_STRESS,base-v1,,totals,shortage_critical_t,0.0,t
MANDATORY_STRESS,base-v1,,totals,losses_t,26.619,t
MANDATORY_STRESS,base-v1,,totals,cost_per_served_t_mln,8.70333,mln
MANDATORY_STRESS,base-v1,,totals,pv_per_served_t_mln,7.043445,mln
MANDATORY_STRESS,base-v1,,totals,min_service_level_total,0.881159,share
MANDATORY_STRESS,base-v1,,totals,min_service_level_critical,1.0,share
MANDATORY_STRESS,base-v1,,totals,discount_rate,0.08,
MANDATORY_STRESS,base-v1,,totals,discount_base_year,2035,
MANDATORY_STRESS,base-v1,2039,check:BASE_TOTAL_SERVICE,actual,0.917611,
MANDATORY_STRESS,base-v1,2039,check:BASE_TOTAL_SERVICE,limit,0.97,
MANDATORY_STRESS,base-v1,2039,check:BASE_TOTAL_SERVICE,excess,0.052389,
MANDATORY_STRESS,base-v1,2039,check:BASE_TOTAL_SERVICE,ok,0,bool
MANDATORY_STRESS,base-v1,2039,check:RESERVE_45D,actual,21.345557,
MANDATORY_STRESS,base-v1,2039,check:RESERVE_45D,limit,45.0,
MANDATORY_STRESS,base-v1,2039,check:RESERVE_45D,excess,23.654443,
MANDATORY_STRESS,base-v1,2039,check:RESERVE_45D,ok,0,bool
MANDATORY_STRESS,base-v1,2040,check:BASE_TOTAL_SERVICE,actual,0.881159,
MANDATORY_STRESS,base-v1,2040,check:BASE_TOTAL_SERVICE,limit,0.97,
MANDATORY_STRESS,base-v1,2040,check:BASE_TOTAL_SERVICE,excess,0.088841,
MANDATORY_STRESS,base-v1,2040,check:BASE_TOTAL_SERVICE,ok,0,bool
MANDATORY_STRESS,base-v1,2040,check:RESERVE_45D,actual,0.0,
MANDATORY_STRESS,base-v1,2040,check:RESERVE_45D,limit,45.0,
MANDATORY_STRESS,base-v1,2040,check:RESERVE_45D,excess,45.0,
MANDATORY_STRESS,base-v1,2040,check:RESERVE_45D,ok,0,bool
MANDATORY_STRESS,base-v1,2035,check:BASE_CRITICAL_SERVICE,actual,1.0,
MANDATORY_STRESS,base-v1,2035,check:BASE_CRITICAL_SERVICE,limit,0.99,
MANDATORY_STRESS,base-v1,2035,check:BASE_CRITICAL_SERVICE,excess,0.0,
MANDATORY_STRESS,base-v1,2035,check:BASE_CRITICAL_SERVICE,ok,1,bool
MANDATORY_STRESS,base-v1,2035,check:BASE_TOTAL_SERVICE,actual,1.0,
MANDATORY_STRESS,base-v1,2035,check:BASE_TOTAL_SERVICE,limit,0.97,
MANDATORY_STRESS,base-v1,2035,check:BASE_TOTAL_SERVICE,excess,0.0,
MANDATORY_STRESS,base-v1,2035,check:BASE_TOTAL_SERVICE,ok,1,bool
MANDATORY_STRESS,base-v1,2035,check:EMERGENCY_BASE_STREAK,actual,0.0,
MANDATORY_STRESS,base-v1,2035,check:EMERGENCY_BASE_STREAK,limit,2.0,
MANDATORY_STRESS,base-v1,2035,check:EMERGENCY_BASE_STREAK,excess,0.0,
MANDATORY_STRESS,base-v1,2035,check:EMERGENCY_BASE_STREAK,ok,1,bool
MANDATORY_STRESS,base-v1,2035,check:RESERVE_45D,actual,54.75,
MANDATORY_STRESS,base-v1,2035,check:RESERVE_45D,limit,45.0,
MANDATORY_STRESS,base-v1,2035,check:RESERVE_45D,excess,0.0,
MANDATORY_STRESS,base-v1,2035,check:RESERVE_45D,ok,1,bool
MANDATORY_STRESS,base-v1,2036,check:BASE_CRITICAL_SERVICE,actual,1.0,
MANDATORY_STRESS,base-v1,2036,check:BASE_CRITICAL_SERVICE,limit,0.99,
MANDATORY_STRESS,base-v1,2036,check:BASE_CRITICAL_SERVICE,excess,0.0,
MANDATORY_STRESS,base-v1,2036,check:BASE_CRITICAL_SERVICE,ok,1,bool
MANDATORY_STRESS,base-v1,2036,check:BASE_TOTAL_SERVICE,actual,1.0,
MANDATORY_STRESS,base-v1,2036,check:BASE_TOTAL_SERVICE,limit,0.97,
MANDATORY_STRESS,base-v1,2036,check:BASE_TOTAL_SERVICE,excess,0.0,
MANDATORY_STRESS,base-v1,2036,check:BASE_TOTAL_SERVICE,ok,1,bool
MANDATORY_STRESS,base-v1,2036,check:RESERVE_45D,actual,64.722321,
MANDATORY_STRESS,base-v1,2036,check:RESERVE_45D,limit,45.0,
MANDATORY_STRESS,base-v1,2036,check:RESERVE_45D,excess,0.0,
MANDATORY_STRESS,base-v1,2036,check:RESERVE_45D,ok,1,bool
MANDATORY_STRESS,base-v1,2037,check:BASE_CRITICAL_SERVICE,actual,1.0,
MANDATORY_STRESS,base-v1,2037,check:BASE_CRITICAL_SERVICE,limit,0.99,
MANDATORY_STRESS,base-v1,2037,check:BASE_CRITICAL_SERVICE,excess,0.0,
MANDATORY_STRESS,base-v1,2037,check:BASE_CRITICAL_SERVICE,ok,1,bool
MANDATORY_STRESS,base-v1,2037,check:BASE_TOTAL_SERVICE,actual,1.0,
MANDATORY_STRESS,base-v1,2037,check:BASE_TOTAL_SERVICE,limit,0.97,
MANDATORY_STRESS,base-v1,2037,check:BASE_TOTAL_SERVICE,excess,0.0,
MANDATORY_STRESS,base-v1,2037,check:BASE_TOTAL_SERVICE,ok,1,bool
MANDATORY_STRESS,base-v1,2037,check:CAPEX_2037,actual,1790.0,
MANDATORY_STRESS,base-v1,2037,check:CAPEX_2037,limit,1800.0,
MANDATORY_STRESS,base-v1,2037,check:CAPEX_2037,excess,0.0,
MANDATORY_STRESS,base-v1,2037,check:CAPEX_2037,ok,1,bool
MANDATORY_STRESS,base-v1,2037,check:RESERVE_45D,actual,72.279605,
MANDATORY_STRESS,base-v1,2037,check:RESERVE_45D,limit,45.0,
MANDATORY_STRESS,base-v1,2037,check:RESERVE_45D,excess,0.0,
MANDATORY_STRESS,base-v1,2037,check:RESERVE_45D,ok,1,bool
MANDATORY_STRESS,base-v1,2038,check:BASE_CRITICAL_SERVICE,actual,1.0,
MANDATORY_STRESS,base-v1,2038,check:BASE_CRITICAL_SERVICE,limit,0.99,
MANDATORY_STRESS,base-v1,2038,check:BASE_CRITICAL_SERVICE,excess,0.0,
MANDATORY_STRESS,base-v1,2038,check:BASE_CRITICAL_SERVICE,ok,1,bool
MANDATORY_STRESS,base-v1,2038,check:BASE_TOTAL_SERVICE,actual,1.0,
MANDATORY_STRESS,base-v1,2038,check:BASE_TOTAL_SERVICE,limit,0.97,
MANDATORY_STRESS,base-v1,2038,check:BASE_TOTAL_SERVICE,excess,0.0,
MANDATORY_STRESS,base-v1,2038,check:BASE_TOTAL_SERVICE,ok,1,bool
MANDATORY_STRESS,base-v1,2038,check:RESERVE_45D,actual,63.687739,
MANDATORY_STRESS,base-v1,2038,check:RESERVE_45D,limit,45.0,
MANDATORY_STRESS,base-v1,2038,check:RESERVE_45D,excess,0.0,
MANDATORY_STRESS,base-v1,2038,check:RESERVE_45D,ok,1,bool
MANDATORY_STRESS,base-v1,2038,check:STRESS_LOSS_LIMIT,actual,0.012,
MANDATORY_STRESS,base-v1,2038,check:STRESS_LOSS_LIMIT,limit,0.02,
MANDATORY_STRESS,base-v1,2038,check:STRESS_LOSS_LIMIT,excess,0.0,
MANDATORY_STRESS,base-v1,2038,check:STRESS_LOSS_LIMIT,ok,1,bool
MANDATORY_STRESS,base-v1,2039,check:BASE_CRITICAL_SERVICE,actual,1.0,
MANDATORY_STRESS,base-v1,2039,check:BASE_CRITICAL_SERVICE,limit,0.99,
MANDATORY_STRESS,base-v1,2039,check:BASE_CRITICAL_SERVICE,excess,0.0,
MANDATORY_STRESS,base-v1,2039,check:BASE_CRITICAL_SERVICE,ok,1,bool
MANDATORY_STRESS,base-v1,2039,check:STRESS_LOSS_LIMIT,actual,0.012,
MANDATORY_STRESS,base-v1,2039,check:STRESS_LOSS_LIMIT,limit,0.02,
MANDATORY_STRESS,base-v1,2039,check:STRESS_LOSS_LIMIT,excess,0.0,
MANDATORY_STRESS,base-v1,2039,check:STRESS_LOSS_LIMIT,ok,1,bool
MANDATORY_STRESS,base-v1,2040,check:BASE_CRITICAL_SERVICE,actual,1.0,
MANDATORY_STRESS,base-v1,2040,check:BASE_CRITICAL_SERVICE,limit,0.99,
MANDATORY_STRESS,base-v1,2040,check:BASE_CRITICAL_SERVICE,excess,0.0,
MANDATORY_STRESS,base-v1,2040,check:BASE_CRITICAL_SERVICE,ok,1,bool
MANDATORY_STRESS,base-v1,2040,check:CAPEX_2040,actual,1790.0,
MANDATORY_STRESS,base-v1,2040,check:CAPEX_2040,limit,2800.0,
MANDATORY_STRESS,base-v1,2040,check:CAPEX_2040,excess,0.0,
MANDATORY_STRESS,base-v1,2040,check:CAPEX_2040,ok,1,bool
MANDATORY_STRESS,base-v1,2040,check:STRESS_LOSS_LIMIT,actual,0.012,
MANDATORY_STRESS,base-v1,2040,check:STRESS_LOSS_LIMIT,limit,0.02,
MANDATORY_STRESS,base-v1,2040,check:STRESS_LOSS_LIMIT,excess,0.0,
MANDATORY_STRESS,base-v1,2040,check:STRESS_LOSS_LIMIT,ok,1,bool
MANDATORY_STRESS,base-v1,,plan,feasible,0,bool
